{"accuracy": [0.19429999589920044, 0.37533333897590637, 0.47894999384880066, 0.5417666435241699, 0.5853666663169861, 0.6186166405677795, 0.6435666680335999, 0.6628666520118713, 0.679016649723053, 0.6921499967575073, 0.7046166658401489, 0.713949978351593], "loss": [2.261406421661377, 2.1222705841064453, 1.8952744007110596, 1.6394182443618774, 1.4371275901794434, 1.2971222400665283, 1.1971360445022583, 1.1193197965621948, 1.061581015586853, 1.0168884992599487, 0.9779393076896667, 0.9407834410667419], "val_accuracy": [0.34619998931884766, 0.4392000138759613, 0.4936000108718872, 0.5220999717712402, 0.5370000004768372, 0.5501000285148621, 0.5590999722480774, 0.5706999897956848, 0.5856999754905701, 0.6025000214576721, 0.6140999794006348, 0.6258000135421753], "val_loss": [2.227210521697998, 2.090604543685913, 1.8986988067626953, 1.7230855226516724, 1.6013022661209106, 1.5131179094314575, 1.4453483819961548, 1.3901898860931396, 1.3436545133590698, 1.2988237142562866, 1.2638227939605713, 1.2339258193969727]}