{"accuracy": [0.30410000681877136, 0.4960833191871643, 0.5912833213806152, 0.6454499959945679, 0.6756166815757751, 0.6966166496276855, 0.7127000093460083, 0.7271000146865845, 0.7389000058174133, 0.7454333305358887, 0.7520166635513306, 0.7590500116348267], "loss": [2.18121600151062, 1.7493492364883423, 1.3670331239700317, 1.174517035484314, 1.070614218711853, 1.0000625848770142, 0.9455162286758423, 0.9039778709411621, 0.8690893650054932, 0.8422952890396118, 0.8157057166099548, 0.7946003675460815], "val_accuracy": [0.4309000074863434, 0.5299000144004822, 0.5552999973297119, 0.5701000094413757, 0.5871000289916992, 0.6115999817848206, 0.6269999742507935, 0.6395000219345093, 0.6488999724388123, 0.6575999855995178, 0.6647999882698059, 0.6710000038146973], "val_loss": [2.0687239170074463, 1.6980515718460083, 1.5054842233657837, 1.4096370935440063, 1.3353533744812012, 1.2795888185501099, 1.2343138456344604, 1.1934492588043213, 1.1597561836242676, 1.132324457168579, 1.108411431312561, 1.0847606658935547]}