{"accuracy": [0.251716673374176, 0.4749166667461395, 0.5701333284378052, 0.6196666955947876, 0.6562333106994629, 0.6829166412353516, 0.6995999813079834, 0.7146333456039429, 0.7262833118438721, 0.7372666597366333, 0.7445166707038879, 0.7534999847412109], "loss": [2.1980245113372803, 1.8580694198608398, 1.4877034425735474, 1.2642168998718262, 1.1308411359786987, 1.0404579639434814, 0.9800317287445068, 0.9312705993652344, 0.8939223885536194, 0.8618757128715515, 0.8294672966003418, 0.8114132285118103], "val_accuracy": [0.44200000166893005, 0.527400016784668, 0.5508999824523926, 0.5666999816894531, 0.5877000093460083, 0.6098999977111816, 0.6251999735832214, 0.6409000158309937, 0.6521999835968018, 0.6600000262260437, 0.664900004863739, 0.6740999817848206], "val_loss": [2.113201141357422, 1.8075100183486938, 1.573544979095459, 1.4433047771453857, 1.3556710481643677, 1.2886072397232056, 1.2367842197418213, 1.193183422088623, 1.1574379205703735, 1.123421549797058, 1.0998269319534302, 1.0737987756729126]}