{"accuracy": [0.14198333024978638, 0.27863332629203796, 0.37531667947769165, 0.4389500021934509, 0.49176666140556335, 0.533133327960968, 0.5688166618347168, 0.5964333415031433, 0.6169666647911072, 0.6383166909217834, 0.6512666940689087, 0.6667166948318481], "loss": [2.2810912132263184, 2.204442024230957, 2.0873851776123047, 1.9221627712249756, 1.7353006601333618, 1.5652867555618286, 1.4296984672546387, 1.3300776481628418, 1.2544647455215454, 1.1860431432724, 1.1350735425949097, 1.0864007472991943], "val_accuracy": [0.2702000141143799, 0.3758000135421753, 0.4163999855518341, 0.4560000002384186, 0.4894999861717224, 0.5192000269889832, 0.5367000102996826, 0.5458999872207642, 0.5583999752998352, 0.567300021648407, 0.5752999782562256, 0.5813000202178955], "val_loss": [2.253905773162842, 2.1816673278808594, 2.071730852127075, 1.9318984746932983, 1.790443778038025, 1.6761144399642944, 1.5917888879776, 1.5291862487792969, 1.4802124500274658, 1.434404730796814, 1.396941065788269, 1.3647569417953491]}