{"accuracy": [0.1337166726589203, 0.22798334062099457, 0.3083333373069763, 0.37353333830833435, 0.4245166778564453, 0.4682166576385498, 0.5026833415031433, 0.532966673374176, 0.5546000003814697, 0.5746333599090576, 0.5946499705314636, 0.6097333431243896], "loss": [2.296058177947998, 2.243824005126953, 2.180729866027832, 2.098766326904297, 1.9952718019485474, 1.8727117776870728, 1.7437410354614258, 1.6227167844772339, 1.5173147916793823, 1.4325125217437744, 1.3612748384475708, 1.2999736070632935], "val_accuracy": [0.23409999907016754, 0.304500013589859, 0.35269999504089355, 0.3905999958515167, 0.4302000105381012, 0.46369999647140503, 0.4896000027656555, 0.5087000131607056, 0.5206000208854675, 0.5313000082969666, 0.5393000245094299, 0.5465999841690063], "val_loss": [2.2746520042419434, 2.2318108081817627, 2.1784327030181885, 2.110456943511963, 2.02679181098938, 1.9330333471298218, 1.8397767543792725, 1.7558269500732422, 1.6828687191009521, 1.6225495338439941, 1.5703705549240112, 1.5237462520599365]}