{"accuracy": [0.28788334131240845, 0.5024333596229553, 0.5877000093460083, 0.6385666728019714, 0.6698166728019714, 0.691266655921936, 0.7111333608627319, 0.7238333225250244, 0.7339333295822144, 0.7429666519165039, 0.7515000104904175, 0.7580833435058594], "loss": [2.174330949783325, 1.7355434894561768, 1.36604642868042, 1.18351149559021, 1.078229546546936, 1.0043025016784668, 0.9382997155189514, 0.8965516090393066, 0.8615593314170837, 0.8348095417022705, 0.8093729019165039, 0.7858553528785706], "val_accuracy": [0.46639999747276306, 0.5321999788284302, 0.5562000274658203, 0.5741000175476074, 0.5925999879837036, 0.613099992275238, 0.6327999830245972, 0.6410999894142151, 0.6535000205039978, 0.6622999906539917, 0.6679999828338623, 0.6721000075340271], "val_loss": [2.05643367767334, 1.676864504814148, 1.4894006252288818, 1.3888696432113647, 1.3141645193099976, 1.2535959482192993, 1.2007337808609009, 1.1647816896438599, 1.1303141117095947, 1.1002094745635986, 1.0768758058547974, 1.0525689125061035]}