{"accuracy": [0.1863500028848648, 0.33988332748413086, 0.4342833459377289, 0.49541667103767395, 0.5421833395957947, 0.5774666666984558, 0.6050166487693787, 0.6264333128929138, 0.6458333134651184, 0.6616166830062866, 0.6747499704360962, 0.6853166818618774], "loss": [2.2596311569213867, 2.141637086868286, 1.971195101737976, 1.7750729322433472, 1.5914521217346191, 1.4452354907989502, 1.334172248840332, 1.248602271080017, 1.1820820569992065, 1.1253329515457153, 1.0800191164016724, 1.0410419702529907], "val_accuracy": [0.3508000075817108, 0.43970000743865967, 0.48910000920295715, 0.5250999927520752, 0.5407000184059143, 0.5503000020980835, 0.5543000102043152, 0.5619000196456909, 0.5710999965667725, 0.5814999938011169, 0.5906999707221985, 0.6047999858856201], "val_loss": [2.221442461013794, 2.1120810508728027, 1.965375542640686, 1.814407229423523, 1.6882283687591553, 1.592541217803955, 1.5183820724487305, 1.4580159187316895, 1.4083714485168457, 1.3660335540771484, 1.330075740814209, 1.2960984706878662]}