{"accuracy": [0.2825999855995178, 0.4884999990463257, 0.5702499747276306, 0.6196333169937134, 0.6506666541099548, 0.6746500134468079, 0.6912333369255066, 0.7082666754722595, 0.7182833552360535, 0.7277666926383972, 0.7375666499137878, 0.7444333434104919], "loss": [2.1818814277648926, 1.7923346757888794, 1.4406344890594482, 1.245975375175476, 1.1302591562271118, 1.050168752670288, 0.9933518171310425, 0.9468827247619629, 0.9111181497573853, 0.8786474466323853, 0.8538224697113037, 0.8246845602989197], "val_accuracy": [0.4546000063419342, 0.5214999914169312, 0.5425999760627747, 0.5608999729156494, 0.5860999822616577, 0.6078000068664551, 0.6187999844551086, 0.6319000124931335, 0.642300009727478, 0.6502000093460083, 0.6574000120162964, 0.6632999777793884], "val_loss": [2.0801234245300293, 1.7424638271331787, 1.5331155061721802, 1.4164042472839355, 1.3397700786590576, 1.2794170379638672, 1.2339905500411987, 1.1914863586425781, 1.1554384231567383, 1.124728798866272, 1.0954246520996094, 1.074281930923462]}