{"accuracy": [0.15334999561309814, 0.2624500095844269, 0.35993334650993347, 0.43246665596961975, 0.4812166690826416, 0.5143666863441467, 0.5449833273887634, 0.5639166831970215, 0.5845166444778442, 0.6044999957084656, 0.6176666617393494, 0.6307500004768372], "loss": [2.2743189334869385, 2.1969377994537354, 2.102299928665161, 1.9841190576553345, 1.8510451316833496, 1.7214829921722412, 1.5933253765106201, 1.4862629175186157, 1.3985555171966553, 1.3290126323699951, 1.2700591087341309, 1.2186068296432495], "val_accuracy": [0.2371000051498413, 0.3531000018119812, 0.45239999890327454, 0.5013999938964844, 0.5203999876976013, 0.527899980545044, 0.5303000211715698, 0.5327000021934509, 0.5379999876022339, 0.5432999730110168, 0.5504999756813049, 0.5561000108718872], "val_loss": [2.248919725418091, 2.1846401691436768, 2.105219602584839, 2.0115857124328613, 1.908447265625, 1.8094933032989502, 1.7225263118743896, 1.6504652500152588, 1.5925859212875366, 1.5456010103225708, 1.5034099817276, 1.4664324522018433]}