{"accuracy": [0.18871666491031647, 0.33736667037010193, 0.4395500123500824, 0.5192000269889832, 0.5713833570480347, 0.6043000221252441, 0.6328833103179932, 0.6532999873161316, 0.6719833612442017, 0.6876333355903625, 0.699483335018158, 0.7082833051681519], "loss": [2.266167163848877, 2.143850564956665, 1.940364956855774, 1.6862764358520508, 1.4701886177062988, 1.3228816986083984, 1.2185142040252686, 1.1412087678909302, 1.0762555599212646, 1.0271302461624146, 0.987640380859375, 0.9517078995704651], "val_accuracy": [0.30399999022483826, 0.42170000076293945, 0.5033000111579895, 0.5318999886512756, 0.5443999767303467, 0.551800012588501, 0.5619000196456909, 0.569100022315979, 0.5835999846458435, 0.5978000164031982, 0.6096000075340271, 0.6209999918937683], "val_loss": [2.234226703643799, 2.115344524383545, 1.9348000288009644, 1.7493644952774048, 1.615080714225769, 1.5263326168060303, 1.4589791297912598, 1.4000507593154907, 1.3491884469985962, 1.3060706853866577, 1.2664774656295776, 1.231579065322876]}