{"accuracy": [0.15970000624656677, 0.27096667885780334, 0.3433166742324829, 0.3986999988555908, 0.44741666316986084, 0.4903833270072937, 0.5279833078384399, 0.5603833198547363, 0.5787333250045776, 0.5981000065803528, 0.6155166625976562, 0.6284666657447815], "loss": [2.2739651203155518, 2.197551965713501, 2.106370210647583, 1.9957258701324463, 1.8674235343933105, 1.734765887260437, 1.610148549079895, 1.4989560842514038, 1.4125500917434692, 1.342224359512329, 1.2817413806915283, 1.2291972637176514], "val_accuracy": [0.2906000018119812, 0.36399999260902405, 0.40799999237060547, 0.4453999996185303, 0.47600001096725464, 0.5022000074386597, 0.5174999833106995, 0.5286999940872192, 0.536899983882904, 0.5424000024795532, 0.548799991607666, 0.5552999973297119], "val_loss": [2.251173973083496, 2.1893296241760254, 2.113786220550537, 2.024792432785034, 1.9249943494796753, 1.8268648386001587, 1.7394189834594727, 1.6653012037277222, 1.6047043800354004, 1.5545949935913086, 1.5117294788360596, 1.4742541313171387]}