{"accuracy": [0.13774999976158142, 0.23205000162124634, 0.31653332710266113, 0.3840833306312561, 0.4312500059604645, 0.4711333215236664, 0.5083833336830139, 0.536133348941803, 0.5625333189964294, 0.5862500071525574, 0.6031833291053772, 0.6231333613395691], "loss": [2.2874224185943604, 2.223646879196167, 2.145359516143799, 2.0417139530181885, 1.9193636178970337, 1.782716155052185, 1.6525710821151733, 1.5386542081832886, 1.4434105157852173, 1.3643320798873901, 1.3011114597320557, 1.2435743808746338], "val_accuracy": [0.20069999992847443, 0.3066999912261963, 0.3797000050544739, 0.4291999936103821, 0.4650000035762787, 0.4966000020503998, 0.5144000053405762, 0.5271999835968018, 0.5371000170707703, 0.5419999957084656, 0.5479000210762024, 0.5544999837875366], "val_loss": [2.261014461517334, 2.208310842514038, 2.1395199298858643, 2.0507454872131348, 1.9484832286834717, 1.8454474210739136, 1.7520962953567505, 1.674623966217041, 1.6106810569763184, 1.5575954914093018, 1.514660120010376, 1.4768218994140625]}