{"accuracy": [0.13436666131019592, 0.19958333671092987, 0.26848334074020386, 0.33809998631477356, 0.40371665358543396, 0.4577833414077759, 0.4986833333969116, 0.529283344745636, 0.5532833337783813, 0.5746166706085205, 0.5903833508491516, 0.6093166470527649], "loss": [2.293853759765625, 2.2536094188690186, 2.204862594604492, 2.134760618209839, 2.0405023097991943, 1.9228825569152832, 1.7933790683746338, 1.6612722873687744, 1.5461478233337402, 1.4477932453155518, 1.3709207773208618, 1.302473783493042], "val_accuracy": [0.15489999949932098, 0.2011999934911728, 0.2969000041484833, 0.37400001287460327, 0.4250999987125397, 0.4602999985218048, 0.486299991607666, 0.5024999976158142, 0.5163999795913696, 0.527400016784668, 0.5346999764442444, 0.5418000221252441], "val_loss": [2.2794928550720215, 2.2461774349212646, 2.2019500732421875, 2.140784978866577, 2.06210994720459, 1.9678683280944824, 1.8654576539993286, 1.7670847177505493, 1.6834795475006104, 1.6140064001083374, 1.5578422546386719, 1.5079741477966309]}