{"accuracy": [0.41493332386016846, 0.6654333472251892, 0.727816641330719, 0.7584499716758728, 0.7795166373252869, 0.7907333374023438, 0.7997666597366333, 0.8098833560943604, 0.8154333233833313, 0.8225499987602234, 0.8274833559989929, 0.8314999938011169], "loss": [1.8681939840316772, 1.0868666172027588, 0.8791850805282593, 0.7812633514404297, 0.7180740237236023, 0.6740941405296326, 0.6433694958686829, 0.6155217885971069, 0.5959007740020752, 0.5725232362747192, 0.5551831126213074, 0.5454452037811279], "val_accuracy": [0.5357999801635742, 0.6299999952316284, 0.6682999730110168, 0.6919000148773193, 0.7127000093460083, 0.7225000262260437, 0.7300000190734863, 0.7398999929428101, 0.7469000220298767, 0.754800021648407, 0.7566999793052673, 0.7617999911308289], "val_loss": [1.5533525943756104, 1.2247788906097412, 1.0790510177612305, 0.9902862310409546, 0.919029951095581, 0.8787660002708435, 0.8507058620452881, 0.8165998458862305, 0.7933580875396729, 0.7650279402732849, 0.7518181204795837, 0.7392252087593079]}