{"accuracy": [0.7257833480834961, 0.8431000113487244, 0.8733000159263611, 0.8965166807174683, 0.9125000238418579, 0.9240166544914246, 0.9336333274841309, 0.9371500015258789, 0.9424999952316284, 0.948033332824707, 0.9495166540145874, 0.9524000287055969], "loss": [0.8701207637786865, 0.5152656435966492, 0.41561535000801086, 0.3419576585292816, 0.29032057523727417, 0.2525721788406372, 0.22468174993991852, 0.2071303278207779, 0.19176629185676575, 0.17587533593177795, 0.1684964895248413, 0.15810897946357727], "val_accuracy": [0.7440999746322632, 0.7886000275611877, 0.821399986743927, 0.8568999767303467, 0.8716999888420105, 0.8797000050544739, 0.892799973487854, 0.9017000198364258, 0.9086999893188477, 0.909600019454956, 0.9106000065803528, 0.916700005531311], "val_loss": [0.8091676235198975, 0.661241352558136, 0.5643457174301147, 0.47351640462875366, 0.4255121648311615, 0.3959014117717743, 0.35861578583717346, 0.3347189724445343, 0.3159201145172119, 0.31154537200927734, 0.31119322776794434, 0.3003559112548828]}