{"accuracy": [0.1777166724205017, 0.2668333351612091, 0.329800009727478, 0.3793666660785675, 0.4180000126361847, 0.4524666666984558, 0.4837833344936371, 0.5145999789237976, 0.541450023651123, 0.5646833181381226, 0.5856500267982483, 0.6016166806221008], "loss": [2.2758541107177734, 2.218843460083008, 2.1480910778045654, 2.0600855350494385, 1.9555619955062866, 1.8406227827072144, 1.7236425876617432, 1.6132405996322632, 1.5166425704956055, 1.4361534118652344, 1.3639718294143677, 1.3083494901657104], "val_accuracy": [0.27379998564720154, 0.3517000079154968, 0.39660000801086426, 0.42890000343322754, 0.45419999957084656, 0.4733000099658966, 0.4964999854564667, 0.5101000070571899, 0.5273000001907349, 0.535099983215332, 0.5440999865531921, 0.5493000149726868], "val_loss": [2.2582452297210693, 2.20853328704834, 2.1466166973114014, 2.071510076522827, 1.9859004020690918, 1.8955371379852295, 1.8084560632705688, 1.7295632362365723, 1.6628304719924927, 1.6055604219436646, 1.5573242902755737, 1.5158277750015259]}