{"accuracy": [0.1468166708946228, 0.24950000643730164, 0.3358166813850403, 0.4089333415031433, 0.46051666140556335, 0.5007833242416382, 0.5377333164215088, 0.560949981212616, 0.583383321762085, 0.602233350276947, 0.614633321762085, 0.630216658115387], "loss": [2.2803590297698975, 2.2104032039642334, 2.120577812194824, 2.0069985389709473, 1.8753951787948608, 1.7396173477172852, 1.615576148033142, 1.509975552558899, 1.42042875289917, 1.3483995199203491, 1.2938281297683716, 1.2386598587036133], "val_accuracy": [0.22840000689029694, 0.3747999966144562, 0.4325000047683716, 0.4713999927043915, 0.4959999918937683, 0.512499988079071, 0.5214999914169312, 0.5275999903678894, 0.5353999733924866, 0.5426999926567078, 0.5493000149726868, 0.5543000102043152], "val_loss": [2.255014181137085, 2.196913957595825, 2.1209232807159424, 2.0283305644989014, 1.927597999572754, 1.8294029235839844, 1.7437019348144531, 1.672080636024475, 1.6129838228225708, 1.563005805015564, 1.5207158327102661, 1.484618067741394]}