{"accuracy": [0.4288666546344757, 0.6813166737556458, 0.7362833619117737, 0.7602166533470154, 0.7791500091552734, 0.7914666533470154, 0.8027999997138977, 0.8085833191871643, 0.8166999816894531, 0.8225666880607605, 0.8271833062171936, 0.8331000208854675], "loss": [1.8091648817062378, 1.041364073753357, 0.8591027855873108, 0.774399995803833, 0.7185482978820801, 0.6776847839355469, 0.6433692574501038, 0.6197955012321472, 0.595156192779541, 0.5753535032272339, 0.5615507960319519, 0.544113278388977], "val_accuracy": [0.5546000003814697, 0.6341999769210815, 0.666100025177002, 0.6866999864578247, 0.7010999917984009, 0.7139999866485596, 0.7257999777793884, 0.7325000166893005, 0.7411999702453613, 0.7483000159263611, 0.7551000118255615, 0.7620999813079834], "val_loss": [1.480701208114624, 1.2096755504608154, 1.0782606601715088, 1.0073076486587524, 0.9562132954597473, 0.9121867418289185, 0.8713991045951843, 0.8425158262252808, 0.8173456192016602, 0.7926533818244934, 0.7699543237686157, 0.750866174697876]}