{"accuracy": [0.148049995303154, 0.24275000393390656, 0.3326833248138428, 0.39614999294281006, 0.4473666548728943, 0.48498332500457764, 0.5171666741371155, 0.5448833107948303, 0.5674999952316284, 0.5865833163261414, 0.6017833352088928, 0.6176999807357788], "loss": [2.278052806854248, 2.2209174633026123, 2.1480844020843506, 2.053218364715576, 1.9342504739761353, 1.804584264755249, 1.6756302118301392, 1.5597065687179565, 1.4633874893188477, 1.3845990896224976, 1.3184267282485962, 1.2637745141983032], "val_accuracy": [0.1988999992609024, 0.3073999881744385, 0.3815999925136566, 0.41760000586509705, 0.4474000036716461, 0.47510001063346863, 0.49779999256134033, 0.5146999955177307, 0.5277000069618225, 0.536899983882904, 0.5453000068664551, 0.5526999831199646], "val_loss": [2.261054754257202, 2.2124667167663574, 2.148966073989868, 2.0674076080322266, 1.9709175825119019, 1.8703826665878296, 1.7768625020980835, 1.6980429887771606, 1.6329059600830078, 1.5802268981933594, 1.537081003189087, 1.4994103908538818]}