{"accuracy": [0.42221665382385254, 0.6714833378791809, 0.7337333559989929, 0.760116696357727, 0.7781833410263062, 0.7902166843414307, 0.8011666536331177, 0.8055333495140076, 0.8129166960716248, 0.8189666867256165, 0.8258166909217834, 0.8322166800498962], "loss": [1.808313012123108, 1.0636554956436157, 0.869721531867981, 0.7779147028923035, 0.7239536643028259, 0.6810911893844604, 0.6476085782051086, 0.6251998543739319, 0.6088290214538574, 0.5874421000480652, 0.5692903399467468, 0.5530722141265869], "val_accuracy": [0.555899977684021, 0.6366999745368958, 0.6690999865531921, 0.6919999718666077, 0.7067000269889832, 0.718500018119812, 0.7279999852180481, 0.7378000020980835, 0.7469000220298767, 0.7545999884605408, 0.7595999836921692, 0.7645999789237976], "val_loss": [1.5118188858032227, 1.2115082740783691, 1.0790011882781982, 0.9812065362930298, 0.9346833825111389, 0.8857372999191284, 0.8561448454856873, 0.8248487114906311, 0.8052379488945007, 0.7791557908058167, 0.755252480506897, 0.7385891675949097]}