{"accuracy": [0.7311833500862122, 0.8387333154678345, 0.8651833534240723, 0.8891833424568176, 0.9077000021934509, 0.9222000241279602, 0.9304666519165039, 0.9373833537101746, 0.941266655921936, 0.9461166858673096, 0.9483166933059692, 0.953166663646698], "loss": [0.8620642423629761, 0.5274693965911865, 0.4388054311275482, 0.36475878953933716, 0.3025825321674347, 0.25928983092308044, 0.23296114802360535, 0.2085871398448944, 0.19336724281311035, 0.18020343780517578, 0.1698015332221985, 0.15848304331302643], "val_accuracy": [0.7408999800682068, 0.7839999794960022, 0.8220000267028809, 0.8489999771118164, 0.8741000294685364, 0.8867999911308289, 0.8924999833106995, 0.9014999866485596, 0.9060999751091003, 0.90829998254776, 0.9135000109672546, 0.9180999994277954], "val_loss": [0.8093673586845398, 0.6801499724388123, 0.5703088641166687, 0.49745845794677734, 0.42382949590682983, 0.3857569396495819, 0.36617717146873474, 0.341664582490921, 0.3303517997264862, 0.3223341405391693, 0.31616199016571045, 0.2927333414554596]}