{"accuracy": [0.09121666848659515, 0.09849999845027924, 0.10551666468381882, 0.11273333430290222, 0.11985000222921371, 0.1275833398103714, 0.13660000264644623, 0.14381666481494904, 0.1555333286523819, 0.16321666538715363, 0.17035000026226044, 0.18074999749660492], "loss": [2.3137712478637695, 2.3094635009765625, 2.304060935974121, 2.2996437549591064, 2.295288562774658, 2.2907915115356445, 2.2859294414520264, 2.281576156616211, 2.276984691619873, 2.2720065116882324, 2.2668299674987793, 2.262507200241089], "val_accuracy": [0.09440000355243683, 0.10490000247955322, 0.11460000276565552, 0.12300000339746475, 0.13429999351501465, 0.14630000293254852, 0.1565999984741211, 0.16869999468326569, 0.18250000476837158, 0.19259999692440033, 0.2037999927997589, 0.2167000025510788], "val_loss": [2.3043456077575684, 2.30079984664917, 2.2972867488861084, 2.293818473815918, 2.2903783321380615, 2.2869317531585693, 2.2834672927856445, 2.279989242553711, 2.27649188041687, 2.2729406356811523, 2.2693521976470947, 2.2656872272491455]}