{"accuracy": [0.09839999675750732, 0.10598333179950714, 0.1180500015616417, 0.12809999287128448, 0.1366499960422516, 0.14808332920074463, 0.1604333370923996, 0.17141667008399963, 0.1809999942779541, 0.1903499960899353, 0.20036666095256805, 0.2093999981880188], "loss": [2.3135979175567627, 2.307270050048828, 2.299793243408203, 2.2932310104370117, 2.2867302894592285, 2.280694007873535, 2.2744483947753906, 2.2678000926971436, 2.261322021484375, 2.255204439163208, 2.2489099502563477, 2.2420356273651123], "val_accuracy": [0.13819999992847443, 0.15569999814033508, 0.17219999432563782, 0.19110000133514404, 0.20520000159740448, 0.2190999984741211, 0.23109999299049377, 0.24459999799728394, 0.25600001215934753, 0.2653000056743622, 0.275299996137619, 0.28299999237060547], "val_loss": [2.301069974899292, 2.2961490154266357, 2.2912657260894775, 2.2864229679107666, 2.281615734100342, 2.2768213748931885, 2.2719953060150146, 2.2671470642089844, 2.2622551918029785, 2.2573540210723877, 2.2524025440216064, 2.24737811088562]}