{"accuracy": [0.7285333275794983, 0.8433166742324829, 0.8733000159263611, 0.8987500071525574, 0.913349986076355, 0.9263833165168762, 0.932699978351593, 0.939383327960968, 0.9435499906539917, 0.9479666948318481, 0.9502333402633667, 0.9526833295822144], "loss": [0.8685656189918518, 0.5091915726661682, 0.41644883155822754, 0.3379124701023102, 0.29026177525520325, 0.24788765609264374, 0.2234189808368683, 0.20262661576271057, 0.18933658301830292, 0.1740737408399582, 0.16449008882045746, 0.1553654819726944], "val_accuracy": [0.7476000189781189, 0.7928000092506409, 0.8276000022888184, 0.8547999858856201, 0.8718000054359436, 0.883400022983551, 0.8931999802589417, 0.9002000093460083, 0.9046000242233276, 0.9047999978065491, 0.909500002861023, 0.9146999716758728], "val_loss": [0.772903323173523, 0.6466154456138611, 0.5503469109535217, 0.47281205654144287, 0.42403334379196167, 0.38352063298225403, 0.3596600890159607, 0.3397526443004608, 0.3298494517803192, 0.32213538885116577, 0.30631935596466064, 0.30103805661201477]}