{"accuracy": [0.09470000118017197, 0.09741666913032532, 0.10076666623353958, 0.10393333435058594, 0.10723333060741425, 0.11028333008289337, 0.11373333632946014, 0.11883333325386047, 0.12014999985694885, 0.12236666679382324, 0.12808333337306976, 0.12939999997615814], "loss": [0.09015044569969177, 0.09012255072593689, 0.09005898982286453, 0.09003189206123352, 0.08998647332191467, 0.08995212614536285, 0.08992505818605423, 0.08986462652683258, 0.08984122425317764, 0.08981207013130188, 0.08975367993116379, 0.08972667902708054], "val_accuracy": [0.09000000357627869, 0.09369999915361404, 0.09600000083446503, 0.10090000182390213, 0.10570000112056732, 0.10939999669790268, 0.1145000010728836, 0.11990000307559967, 0.1256999969482422, 0.1315000057220459, 0.13760000467300415, 0.14409999549388885], "val_loss": [0.09013848006725311, 0.09010813385248184, 0.09007824957370758, 0.09004835039377213, 0.09001880139112473, 0.08998923003673553, 0.08995979279279709, 0.08993037790060043, 0.08990118652582169, 0.0898718535900116, 0.08984221518039703, 0.08981247991323471]}