{"accuracy": [0.09126666933298111, 0.09884999692440033, 0.10163333266973495, 0.10578333586454391, 0.11176666617393494, 0.1150333359837532, 0.11526666581630707, 0.12411666661500931, 0.1260666698217392, 0.1334666609764099, 0.1365666687488556, 0.14090000092983246], "loss": [0.09012395888566971, 0.09005110710859299, 0.08999665081501007, 0.08994091302156448, 0.08987093716859818, 0.08982277661561966, 0.08979249745607376, 0.08971987664699554, 0.08966204524040222, 0.08960514515638351, 0.08955428749322891, 0.08951643109321594], "val_accuracy": [0.07010000199079514, 0.07559999823570251, 0.08190000057220459, 0.0892999991774559, 0.09570000320672989, 0.10329999774694443, 0.10899999737739563, 0.11749999970197678, 0.12630000710487366, 0.1348000019788742, 0.14470000565052032, 0.15309999883174896], "val_loss": [0.0899864211678505, 0.08994300663471222, 0.08990015089511871, 0.0898575484752655, 0.08981507271528244, 0.08977311104536057, 0.08973141759634018, 0.08968966454267502, 0.08964814990758896, 0.08960668742656708, 0.08956506103277206, 0.08952336758375168]}