{"accuracy": [0.10413333028554916, 0.10578333586454391, 0.11041666567325592, 0.11153333634138107, 0.11569999903440475, 0.11881666630506516, 0.1232166662812233, 0.1264999955892563, 0.12976667284965515, 0.132750004529953, 0.1387166678905487, 0.14055000245571136], "loss": [0.09012962877750397, 0.09009319543838501, 0.09005837142467499, 0.09001731127500534, 0.0899854525923729, 0.08996209502220154, 0.08992630243301392, 0.08988788723945618, 0.08985068649053574, 0.08982686698436737, 0.08978690952062607, 0.08976615220308304], "val_accuracy": [0.09939999878406525, 0.10249999910593033, 0.10649999976158142, 0.10970000177621841, 0.11540000140666962, 0.11879999935626984, 0.12409999966621399, 0.12860000133514404, 0.1363999992609024, 0.14100000262260437, 0.1460999995470047, 0.15109999477863312], "val_loss": [0.0901012048125267, 0.09007487446069717, 0.09004868566989899, 0.09002285450696945, 0.08999712765216827, 0.08997178822755814, 0.08994650095701218, 0.08992120623588562, 0.08989609032869339, 0.08987102657556534, 0.08984579890966415, 0.08982040733098984]}