{"loss": [3.5281519889831543, 2.318467617034912, 2.131423234939575, 2.0045011043548584, 1.8811248540878296, 1.7651996612548828, 1.6724202632904053, 1.585472822189331, 1.509369134902954, 1.4449925422668457, 1.3896070718765259, 1.3304582834243774], "accuracy": [0.13688333332538605, 0.1928499937057495, 0.24420000612735748, 0.29741665720939636, 0.34628334641456604, 0.3885333240032196, 0.4244000017642975, 0.46008333563804626, 0.4842166602611542, 0.5091833472251892, 0.5327500104904175, 0.5517500042915344], "val_loss": [2.163403272628784, 2.1368138790130615, 2.042117118835449, 1.9186828136444092, 1.8040183782577515, 1.7005523443222046, 1.617050290107727, 1.54341721534729, 1.4794152975082397, 1.4276301860809326, 1.3703184127807617, 1.32120943069458], "val_accuracy": [0.24199999868869781, 0.2854999899864197, 0.34040001034736633, 0.3919999897480011, 0.43320000171661377, 0.46869999170303345, 0.49619999527931213, 0.5199000239372253, 0.5406000018119812, 0.5609999895095825, 0.5764999985694885, 0.5882999897003174]}