{"loss": [3.2979061603546143, 2.2369089126586914, 2.0441763401031494, 1.902209997177124, 1.775182843208313, 1.6722363233566284, 1.5839900970458984, 1.497246503829956, 1.4230420589447021, 1.3565208911895752, 1.3008283376693726, 1.247390866279602], "accuracy": [0.13678333163261414, 0.2100333273410797, 0.2778833210468292, 0.33434998989105225, 0.38476666808128357, 0.4252333343029022, 0.4569166600704193, 0.4905500113964081, 0.5178499817848206, 0.5450166463851929, 0.5657833218574524, 0.5865333080291748], "val_loss": [2.1773297786712646, 2.059868097305298, 1.893869161605835, 1.7518497705459595, 1.643450140953064, 1.5550172328948975, 1.4887468814849854, 1.4232368469238281, 1.3604612350463867, 1.3183584213256836, 1.272079586982727, 1.2254658937454224], "val_accuracy": [0.22519999742507935, 0.3122999966144562, 0.385699987411499, 0.4311000108718872, 0.46650001406669617, 0.4968999922275543, 0.5200999975204468, 0.5440999865531921, 0.564300000667572, 0.5766000151634216, 0.592199981212616, 0.605400025844574]}