{"loss": [1.8787124156951904, 1.0663626194000244, 0.7641106843948364, 0.5982192158699036, 0.4980616569519043, 0.43389958143234253, 0.3801838755607605, 0.34215202927589417, 0.31106457114219666, 0.2896568775177002, 0.26794537901878357, 0.2539322078227997], "accuracy": [0.38856667280197144, 0.6518833041191101, 0.757266640663147, 0.8115833401679993, 0.8437166810035706, 0.8648333549499512, 0.8837666511535645, 0.8949166536331177, 0.9042666554450989, 0.9123166799545288, 0.918666660785675, 0.9228500127792358], "val_loss": [1.2592049837112427, 0.8778585195541382, 0.697847306728363, 0.5921722054481506, 0.5243371725082397, 0.4862554669380188, 0.438461571931839, 0.42719322443008423, 0.3835526704788208, 0.37032485008239746, 0.3466517925262451, 0.3338574767112732], "val_accuracy": [0.6151000261306763, 0.7337999939918518, 0.7843999862670898, 0.8181999921798706, 0.8392999768257141, 0.8510000109672546, 0.8675000071525574, 0.8698999881744385, 0.8851000070571899, 0.8912000060081482, 0.8998000025749207, 0.9043999910354614]}