{"loss": [0.8026213645935059, 0.30259478092193604, 0.2105308622121811, 0.16403540968894958, 0.14156091213226318, 0.12550848722457886, 0.11560814827680588, 0.10607931017875671, 0.09767475724220276, 0.09436753392219543, 0.08742716163396835, 0.08428805321455002], "accuracy": [0.7450500130653381, 0.9092166423797607, 0.9383000135421753, 0.9515666961669922, 0.9589666724205017, 0.962933361530304, 0.9663666486740112, 0.9697999954223633, 0.9717666506767273, 0.9729166626930237, 0.9748333096504211, 0.975766658782959], "val_loss": [0.5451586246490479, 0.32856908440589905, 0.27182528376579285, 0.28012800216674805, 0.2419361025094986, 0.21157361567020416, 0.24470549821853638, 0.2084520310163498, 0.20239759981632233, 0.20679838955402374, 0.20186282694339752, 0.21546925604343414], "val_accuracy": [0.845300018787384, 0.9028000235557556, 0.9212999939918518, 0.9293000102043152, 0.9376999735832214, 0.9448000192642212, 0.9435999989509583, 0.947700023651123, 0.9467999935150146, 0.953499972820282, 0.9550999999046326, 0.9538000226020813]}