{"loss": [0.8209779858589172, 0.291467547416687, 0.20646986365318298, 0.16592298448085785, 0.13970947265625, 0.1304291933774948, 0.12117820978164673, 0.10752847045660019, 0.10412133485078812, 0.09347569942474365, 0.08954159170389175, 0.08381233364343643], "accuracy": [0.7380333542823792, 0.913349986076355, 0.9398999810218811, 0.95128333568573, 0.9591833353042603, 0.9621999859809875, 0.964983344078064, 0.9692000150680542, 0.9700333476066589, 0.9735666513442993, 0.9738333225250244, 0.9758666753768921], "val_loss": [0.4855358898639679, 0.3325537443161011, 0.3075348734855652, 0.26746582984924316, 0.23971928656101227, 0.21574907004833221, 0.21301215887069702, 0.20036903023719788, 0.1891399621963501, 0.24520739912986755, 0.18929657340049744, 0.17152877151966095], "val_accuracy": [0.8519999980926514, 0.9013000130653381, 0.9090999960899353, 0.9301999807357788, 0.9404000043869019, 0.9405999779701233, 0.9433000087738037, 0.9459999799728394, 0.9524000287055969, 0.9484999775886536, 0.9559999704360962, 0.957099974155426]}