{"loss": [4.680365562438965, 3.2780745029449463, 2.616746664047241, 2.3366119861602783, 2.199644088745117, 2.1126086711883545, 2.051130771636963, 1.99132239818573, 1.9321873188018799, 1.8809528350830078, 1.8327529430389404, 1.778574824333191], "accuracy": [0.12691666185855865, 0.15648333728313446, 0.18356665968894958, 0.20656666159629822, 0.22990000247955322, 0.2538999915122986, 0.2749499976634979, 0.29725000262260437, 0.31885001063346863, 0.3394666612148285, 0.35901665687561035, 0.3816833198070526], "val_loss": [2.422231435775757, 2.1728782653808594, 2.1141164302825928, 2.099076986312866, 2.078003406524658, 2.0390608310699463, 1.993328332901001, 1.9408605098724365, 1.8886629343032837, 1.8377070426940918, 1.7935035228729248, 1.746744155883789], "val_accuracy": [0.15109999477863312, 0.23019999265670776, 0.2531999945640564, 0.2703000009059906, 0.28369998931884766, 0.30869999527931213, 0.33399999141693115, 0.3562999963760376, 0.3797000050544739, 0.40450000762939453, 0.42160001397132874, 0.4390000104904175]}