{"loss": [4.951732635498047, 3.0168349742889404, 2.400958776473999, 2.1990795135498047, 2.099104642868042, 2.020247220993042, 1.9401038885116577, 1.8714971542358398, 1.8058544397354126, 1.7418915033340454, 1.6838700771331787, 1.6329549551010132], "accuracy": [0.1251833289861679, 0.17149999737739563, 0.20509999990463257, 0.23586666584014893, 0.26118332147598267, 0.28851667046546936, 0.3179333209991455, 0.3460666537284851, 0.36641666293144226, 0.39036667346954346, 0.4143500030040741, 0.43453332781791687], "val_loss": [2.3671200275421143, 2.1117093563079834, 2.089174747467041, 2.059633255004883, 2.0083868503570557, 1.9444656372070312, 1.8703691959381104, 1.8039054870605469, 1.739531397819519, 1.6799405813217163, 1.624754548072815, 1.5743273496627808], "val_accuracy": [0.18019999563694, 0.241799995303154, 0.2865000069141388, 0.3197000026702881, 0.34700000286102295, 0.3763999938964844, 0.4018000066280365, 0.42719998955726624, 0.4519999921321869, 0.4747999906539917, 0.49399998784065247, 0.5088000297546387]}