{"loss": [3.5696566104888916, 2.2392308712005615, 2.0341131687164307, 1.880035400390625, 1.7402909994125366, 1.62736177444458, 1.5283348560333252, 1.4382188320159912, 1.3688197135925293, 1.299392819404602, 1.2459220886230469, 1.187875509262085], "accuracy": [0.1519833356142044, 0.22165000438690186, 0.2860333323478699, 0.3482666611671448, 0.4020666778087616, 0.44618332386016846, 0.48481667041778564, 0.5164166688919067, 0.539816677570343, 0.5662000179290771, 0.586899995803833, 0.6100833415985107], "val_loss": [2.121005058288574, 2.0523600578308105, 1.9009146690368652, 1.761968970298767, 1.6338084936141968, 1.5378447771072388, 1.4590603113174438, 1.3873533010482788, 1.3256661891937256, 1.2670297622680664, 1.2188494205474854, 1.1693782806396484], "val_accuracy": [0.2522999942302704, 0.3264999985694885, 0.39590001106262207, 0.44209998846054077, 0.48240000009536743, 0.5113000273704529, 0.5354999899864197, 0.5616999864578247, 0.5802000164985657, 0.5961999893188477, 0.614799976348877, 0.6297000050544739]}