{"loss": [5.49021053314209, 4.623847961425781, 3.9762914180755615, 3.4925949573516846, 3.166578531265259, 2.9141578674316406, 2.7244277000427246, 2.601196527481079, 2.5094316005706787, 2.44219970703125, 2.392599582672119, 2.3422067165374756], "accuracy": [0.1059499979019165, 0.11706666648387909, 0.13109999895095825, 0.14374999701976776, 0.1506499946117401, 0.16081666946411133, 0.16816666722297668, 0.17589999735355377, 0.18078333139419556, 0.18709999322891235, 0.18934999406337738, 0.19850000739097595], "val_loss": [2.8642125129699707, 2.5692358016967773, 2.388566017150879, 2.274500846862793, 2.2050602436065674, 2.169499158859253, 2.1512420177459717, 2.144934892654419, 2.14237117767334, 2.1415064334869385, 2.1404943466186523, 2.137847900390625], "val_accuracy": [0.13030000030994415, 0.1527000069618225, 0.17640000581741333, 0.19589999318122864, 0.21250000596046448, 0.22529999911785126, 0.23800000548362732, 0.2451000064611435, 0.2547000050544739, 0.2612999975681305, 0.2680000066757202, 0.27399998903274536]}