{"loss": [6.046509265899658, 3.9868757724761963, 2.9692423343658447, 2.496189832687378, 2.2807979583740234, 2.1713950634002686, 2.1046082973480225, 2.0288548469543457, 1.977472186088562, 1.9204893112182617, 1.8705613613128662, 1.8205478191375732], "accuracy": [0.11283333599567413, 0.14348334074020386, 0.17231667041778564, 0.19294999539852142, 0.21525000035762787, 0.23698332905769348, 0.2572000026702881, 0.28208333253860474, 0.30250000953674316, 0.32315000891685486, 0.3434000015258789, 0.3626999855041504], "val_loss": [2.5119714736938477, 2.2505877017974854, 2.121993064880371, 2.106647253036499, 2.0978689193725586, 2.0707950592041016, 2.0331075191497803, 1.9830015897750854, 1.9281326532363892, 1.8834179639816284, 1.836982250213623, 1.7945057153701782], "val_accuracy": [0.12770000100135803, 0.21089999377727509, 0.2468000054359436, 0.26750001311302185, 0.28700000047683716, 0.3077999949455261, 0.3278999924659729, 0.35280001163482666, 0.37049999833106995, 0.3871000111103058, 0.4043999910354614, 0.42340001463890076]}