{"loss": [0.1426045298576355, 0.13784237205982208, 0.133020281791687, 0.12754110991954803, 0.12185432016849518, 0.11608417332172394, 0.10934180021286011, 0.10415049642324448, 0.09915579110383987, 0.0954398512840271, 0.09252488613128662, 0.09053672850131989], "accuracy": [0.11338333040475845, 0.12158333510160446, 0.13071666657924652, 0.13983333110809326, 0.15248332917690277, 0.16169999539852142, 0.17765000462532043, 0.1898166686296463, 0.20055000483989716, 0.21150000393390656, 0.21918334066867828, 0.2264166623353958], "val_loss": [0.10451488196849823, 0.10506343096494675, 0.09997251629829407, 0.09487234801054001, 0.09085972607135773, 0.08741208910942078, 0.0851522907614708, 0.08379501104354858, 0.08331695199012756, 0.08325701951980591, 0.08332236856222153, 0.08334008604288101], "val_accuracy": [0.14180000126361847, 0.17239999771118164, 0.19259999692440033, 0.2159000039100647, 0.2395000010728836, 0.25699999928474426, 0.2768000066280365, 0.2962999939918518, 0.3070000112056732, 0.30970001220703125, 0.31709998846054077, 0.3237999975681305]}