{"loss": [4.155953884124756, 2.5133755207061768, 2.2145204544067383, 2.0981826782226562, 1.9959510564804077, 1.897073745727539, 1.8161972761154175, 1.7409429550170898, 1.6696574687957764, 1.6037497520446777, 1.5484941005706787, 1.4941699504852295], "accuracy": [0.13198333978652954, 0.18603333830833435, 0.2255166620016098, 0.2590000033378601, 0.29934999346733093, 0.3361666798591614, 0.3699166774749756, 0.39963334798812866, 0.4293000102043152, 0.45428332686424255, 0.47236666083335876, 0.49281665682792664], "val_loss": [2.1808741092681885, 2.110245704650879, 2.0645930767059326, 1.990496277809143, 1.9063825607299805, 1.8216311931610107, 1.7498666048049927, 1.6856609582901, 1.6284401416778564, 1.5749701261520386, 1.5265424251556396, 1.4798907041549683], "val_accuracy": [0.2079000025987625, 0.2750999927520752, 0.3084000051021576, 0.3456000089645386, 0.38440001010894775, 0.41659998893737793, 0.4415000081062317, 0.46160000562667847, 0.4837000072002411, 0.5023999810218811, 0.5177000164985657, 0.5325999855995178]}