{"loss": [2.272944450378418, 2.2062530517578125, 2.121149778366089, 2.0150671005249023, 1.88774836063385, 1.7589179277420044, 1.635393500328064, 1.5279461145401, 1.442317008972168, 1.3678038120269775, 1.308619737625122, 1.2570533752441406], "accuracy": [0.1631166636943817, 0.26588332653045654, 0.3497166633605957, 0.40308332443237305, 0.4539666771888733, 0.489383339881897, 0.5209500193595886, 0.5466499924659729, 0.5673999786376953, 0.5894500017166138, 0.6050999760627747, 0.6186166405677795], "val_loss": [2.2527358531951904, 2.195181369781494, 2.120699405670166, 2.030949592590332, 1.9308806657791138, 1.8327871561050415, 1.7472054958343506, 1.6741811037063599, 1.6135504245758057, 1.5635349750518799, 1.5207313299179077, 1.483701229095459], "val_accuracy": [0.2526000142097473, 0.35040000081062317, 0.4000000059604645, 0.43939998745918274, 0.4625000059604645, 0.48429998755455017, 0.499099999666214, 0.5199999809265137, 0.5315999984741211, 0.5414999723434448, 0.5473999977111816, 0.5533999800682068]}