{"loss": [2.2087433338165283, 1.892911434173584, 1.5492289066314697, 1.3318934440612793, 1.1993918418884277, 1.1162620782852173, 1.048997163772583, 0.9957423210144043, 0.9528560638427734, 0.9181640148162842, 0.8915907144546509, 0.8593679070472717], "accuracy": [0.2507833242416382, 0.4547500014305115, 0.5396999716758728, 0.5976499915122986, 0.6291333436965942, 0.6543499827384949, 0.6765499711036682, 0.6913666725158691, 0.7041166424751282, 0.7162166833877563, 0.7226499915122986, 0.73253333568573], "val_loss": [2.130897283554077, 1.855596899986267, 1.6454740762710571, 1.5204664468765259, 1.43174409866333, 1.366278052330017, 1.3092548847198486, 1.2596697807312012, 1.2191178798675537, 1.1818405389785767, 1.1478052139282227, 1.122558355331421], "val_accuracy": [0.4311000108718872, 0.492000013589859, 0.5342000126838684, 0.5529000163078308, 0.5652999877929688, 0.5759000182151794, 0.5914000272750854, 0.6093999743461609, 0.6218000054359436, 0.6333000063896179, 0.6432999968528748, 0.6521999835968018]}