{"loss": [2.1807146072387695, 1.7452319860458374, 1.3648223876953125, 1.1758742332458496, 1.0665173530578613, 0.9959834814071655, 0.9409796595573425, 0.8988671898841858, 0.8660289645195007, 0.8345409631729126, 0.8195478916168213, 0.7908793091773987], "accuracy": [0.2833833396434784, 0.4942833185195923, 0.5917166471481323, 0.6446999907493591, 0.6738499999046326, 0.694266676902771, 0.7128000259399414, 0.7252833247184753, 0.7339666485786438, 0.7440166473388672, 0.7491166591644287, 0.7566166520118713], "val_loss": [2.0773890018463135, 1.719985008239746, 1.5300954580307007, 1.4215296506881714, 1.3388750553131104, 1.275213360786438, 1.2249228954315186, 1.1798609495162964, 1.1416596174240112, 1.1127057075500488, 1.0850239992141724, 1.0612308979034424], "val_accuracy": [0.42809998989105225, 0.5300999879837036, 0.5544999837875366, 0.5716999769210815, 0.5949000120162964, 0.6151000261306763, 0.6281999945640564, 0.6432999968528748, 0.6503999829292297, 0.6583999991416931, 0.6664999723434448, 0.67330002784729]}