{"loss": [2.2317278385162354, 2.0263617038726807, 1.767928957939148, 1.5299530029296875, 1.3643171787261963, 1.2499712705612183, 1.1612932682037354, 1.0970308780670166, 1.0428199768066406, 0.9954639077186584, 0.9583578109741211, 0.9272781610488892], "accuracy": [0.21771666407585144, 0.40666666626930237, 0.5023999810218811, 0.5649833083152771, 0.6054166555404663, 0.6315666437149048, 0.6535999774932861, 0.6690499782562256, 0.684066653251648, 0.6970999836921692, 0.7087000012397766, 0.715416669845581], "val_loss": [2.183746576309204, 2.012251853942871, 1.8289566040039062, 1.687774658203125, 1.586055874824524, 1.508492112159729, 1.444212555885315, 1.3883925676345825, 1.3386547565460205, 1.2939696311950684, 1.2554320096969604, 1.222577452659607], "val_accuracy": [0.41530001163482666, 0.49939998984336853, 0.5335000157356262, 0.5397999882698059, 0.5460000038146973, 0.5565999746322632, 0.5680000185966492, 0.5791000127792358, 0.5920000076293945, 0.6049000024795532, 0.6166999936103821, 0.6259999871253967]}