{"loss": [2.2696661949157715, 2.1908929347991943, 2.0691120624542236, 1.8961424827575684, 1.7024565935134888, 1.5283126831054688, 1.3998318910598755, 1.2941995859146118, 1.2166743278503418, 1.1551302671432495, 1.1051517724990845, 1.05891752243042], "accuracy": [0.17919999361038208, 0.2973499894142151, 0.3825833201408386, 0.4571000039577484, 0.5084499716758728, 0.5516666769981384, 0.583383321762085, 0.6122999787330627, 0.6334999799728394, 0.6488999724388123, 0.6636499762535095, 0.6774166822433472], "val_loss": [2.2471694946289062, 2.171954393386841, 2.05810809135437, 1.913071632385254, 1.7719221115112305, 1.6585301160812378, 1.5736455917358398, 1.5066983699798584, 1.4522435665130615, 1.4066909551620483, 1.3654334545135498, 1.3327594995498657], "val_accuracy": [0.26669999957084656, 0.3400999903678894, 0.4065000116825104, 0.45660001039505005, 0.4959000051021576, 0.5184000134468079, 0.5321000218391418, 0.5432000160217285, 0.5529999732971191, 0.5644000172615051, 0.5778999924659729, 0.5896999835968018]}