{"loss": [2.2631490230560303, 2.1709132194519043, 2.057980537414551, 1.9218895435333252, 1.7745227813720703, 1.6359033584594727, 1.5173956155776978, 1.4266546964645386, 1.3493505716323853, 1.2892816066741943, 1.233521819114685, 1.1889872550964355], "accuracy": [0.17003333568572998, 0.2764333188533783, 0.3702999949455261, 0.4334166646003723, 0.48649999499320984, 0.5219500064849854, 0.552133321762085, 0.5725499987602234, 0.5914833545684814, 0.6080999970436096, 0.6242499947547913, 0.6387166380882263], "val_loss": [2.2372937202453613, 2.1652121543884277, 2.0736474990844727, 1.9662342071533203, 1.8597133159637451, 1.766878366470337, 1.689663052558899, 1.6269015073776245, 1.5746829509735107, 1.5283170938491821, 1.4881200790405273, 1.4519710540771484], "val_accuracy": [0.24040000140666962, 0.36399999260902405, 0.42489999532699585, 0.4560000002384186, 0.48890000581741333, 0.5128999948501587, 0.5252000093460083, 0.5335000157356262, 0.5404999852180481, 0.5472999811172485, 0.5533999800682068, 0.5616999864578247]}