{"loss": [0.6019231081008911, 0.3150099217891693, 0.2678739130496979, 0.2510939836502075, 0.24220477044582367, 0.23602503538131714, 0.22840650379657745, 0.22129853069782257, 0.217511847615242, 0.21631652116775513, 0.2075565606355667, 0.20268109440803528], "accuracy": [0.8154833316802979, 0.9060500264167786, 0.921750009059906, 0.927049994468689, 0.9286999702453613, 0.9316666722297668, 0.93381667137146, 0.9344833493232727, 0.9358166456222534, 0.9378666877746582, 0.939050018787384, 0.9419833421707153], "val_loss": [0.5793718695640564, 0.48318353295326233, 0.4240914583206177, 0.42853111028671265, 0.3984651267528534, 0.365826815366745, 0.37040483951568604, 0.36738237738609314, 0.3867326080799103, 0.35010001063346863, 0.32884451746940613, 0.33927303552627563], "val_accuracy": [0.8212000131607056, 0.8521000146865845, 0.8770999908447266, 0.8766000270843506, 0.8859999775886536, 0.8974000215530396, 0.891700029373169, 0.8974999785423279, 0.8950999975204468, 0.9042999744415283, 0.9103999733924866, 0.9053999781608582]}