{"loss": [0.6151866316795349, 0.3215637505054474, 0.27060773968696594, 0.24324896931648254, 0.2303769886493683, 0.2257377803325653, 0.22245539724826813, 0.21750570833683014, 0.21270494163036346, 0.21290332078933716, 0.21139948070049286, 0.20310428738594055], "accuracy": [0.8088499903678894, 0.9025999903678894, 0.9200999736785889, 0.9285833239555359, 0.9326333403587341, 0.9339666962623596, 0.9351000189781189, 0.9363166689872742, 0.9377999901771545, 0.9380999803543091, 0.93913334608078, 0.9402166604995728], "val_loss": [0.6238096952438354, 0.48204585909843445, 0.4267081022262573, 0.3955867886543274, 0.393437922000885, 0.36472755670547485, 0.3930203318595886, 0.35204774141311646, 0.3736623525619507, 0.35210347175598145, 0.3366575539112091, 0.3271283805370331], "val_accuracy": [0.8030999898910522, 0.8525000214576721, 0.8716999888420105, 0.8804000020027161, 0.8833000063896179, 0.8934999704360962, 0.8913999795913696, 0.9021000266075134, 0.8950999975204468, 0.897599995136261, 0.9067999720573425, 0.9106000065803528]}