{"loss": [2.3022804260253906, 2.268894910812378, 2.2372817993164062, 2.203350067138672, 2.1667189598083496, 2.1259870529174805, 2.0831875801086426, 2.035907745361328, 1.9824086427688599, 1.9288010597229004, 1.8751202821731567, 1.819624900817871], "accuracy": [0.10275000333786011, 0.13618333637714386, 0.17544999718666077, 0.21596667170524597, 0.26276665925979614, 0.3063499927520752, 0.3454166650772095, 0.37736666202545166, 0.41218334436416626, 0.4383833408355713, 0.459033340215683, 0.4799500107765198], "val_loss": [2.2876813411712646, 2.2644717693328857, 2.2402307987213135, 2.213876485824585, 2.184957504272461, 2.1534581184387207, 2.119307279586792, 2.0823678970336914, 2.0431928634643555, 2.0024161338806152, 1.9608769416809082, 1.9189894199371338], "val_accuracy": [0.10909999907016754, 0.1412999927997589, 0.19449999928474426, 0.25619998574256897, 0.3102000057697296, 0.35179999470710754, 0.3847000002861023, 0.4171000123023987, 0.4406999945640564, 0.46129998564720154, 0.47360000014305115, 0.4846000075340271]}