{"loss": [2.060504198074341, 1.5305355787277222, 1.2399659156799316, 1.0981916189193726, 1.0135961771011353, 0.9544182419776917, 0.9058007597923279, 0.873038649559021, 0.8408972024917603, 0.8222887516021729, 0.7952566146850586, 0.7777665257453918], "accuracy": [0.3434999883174896, 0.5453500151634216, 0.6190666556358337, 0.662850022315979, 0.6875500082969666, 0.7054333090782166, 0.7214833498001099, 0.7302166819572449, 0.7394499778747559, 0.7458000183105469, 0.7536500096321106, 0.7614833116531372], "val_loss": [1.868484377861023, 1.5407323837280273, 1.4030656814575195, 1.3186771869659424, 1.2508611679077148, 1.1975818872451782, 1.1587607860565186, 1.1209999322891235, 1.093955397605896, 1.0682578086853027, 1.0462467670440674, 1.0273839235305786], "val_accuracy": [0.501800000667572, 0.5407999753952026, 0.5625, 0.5848000049591064, 0.6061999797821045, 0.628000020980835, 0.6421999931335449, 0.6535999774932861, 0.657800018787384, 0.6658999919891357, 0.6710000038146973, 0.6758000254631042]}