{"loss": [1.1628000736236572, 0.7492231726646423, 0.6451742649078369, 0.5797377228736877, 0.5350115895271301, 0.4928944408893585, 0.4522753953933716, 0.4229651391506195, 0.40179044008255005, 0.3767920434474945, 0.3594453036785126, 0.3415940999984741], "accuracy": [0.6386833190917969, 0.7719500064849854, 0.8045666813850403, 0.8237666487693787, 0.8374500274658203, 0.8515833616256714, 0.863099992275238, 0.8723833560943604, 0.879883348941803, 0.8863000273704529, 0.892799973487854, 0.8980166912078857], "val_loss": [1.0983670949935913, 0.9296438694000244, 0.8510336875915527, 0.8085070252418518, 0.7426729798316956, 0.7035107612609863, 0.6619886159896851, 0.6331878304481506, 0.5970666408538818, 0.5768697261810303, 0.5526942610740662, 0.5392267107963562], "val_accuracy": [0.6672999858856201, 0.7117999792098999, 0.728600025177002, 0.7439000010490417, 0.7631000280380249, 0.7746999859809875, 0.7878000140190125, 0.8001999855041504, 0.8111000061035156, 0.8172000050544739, 0.8256999850273132, 0.8307999968528748]}