{"loss": [0.0900474414229393, 0.0899924635887146, 0.08990977704524994, 0.08985777944326401, 0.0897914469242096, 0.08973900228738785, 0.08967490494251251, 0.08961807191371918, 0.08955036848783493, 0.0894884243607521, 0.08944305777549744, 0.08936125785112381], "accuracy": [0.11791666597127914, 0.12160000205039978, 0.12549999356269836, 0.12706667184829712, 0.13421666622161865, 0.1365666687488556, 0.14071667194366455, 0.14776666462421417, 0.1534000039100647, 0.15751667320728302, 0.15880000591278076, 0.16723333299160004], "val_loss": [0.09010396152734756, 0.09005633741617203, 0.09000943601131439, 0.08996275812387466, 0.0899164155125618, 0.08987042307853699, 0.08982454985380173, 0.08977890014648438, 0.0897330567240715, 0.0896870344877243, 0.08964063227176666, 0.08959358930587769], "val_accuracy": [0.10980000346899033, 0.11330000311136246, 0.11620000004768372, 0.12020000070333481, 0.12409999966621399, 0.12929999828338623, 0.13500000536441803, 0.14180000126361847, 0.14920000731945038, 0.15649999678134918, 0.16419999301433563, 0.1729000061750412]}